Video Number,Age of Child,Corpus Number,Machine Intelligence Answer,MIA_anger,MIA_contempt,MIA_disgust,MIA_fear,MIA_happiness,MIA_neutral,MIA_sadness,MIA_surprise,Kefan Answer,FaceID,bald,haircolor,Age according to Face API
1,6,1,"        ""anger"": 0.0,
        ""contempt"": 0.0,
        ""disgust"": 0.0,
        ""fear"": 0.0,
        ""happiness"": 1.0,
        ""neutral"": 0.0,
        ""sadness"": 0.0,
        ""surprise"": 0.0
",0,0,0,0,1,0,0,0,Happiness,9e578e33-1e03-4a6a-9bcb-4b5f6b58f27e,0.01,brown,6
2,3,2,"        ""anger"": 0.0,
        ""contempt"": 0.0,
        ""disgust"": 0.0,
        ""fear"": 0.0,
        ""happiness"": 1.0,
        ""neutral"": 0.0,
        ""sadness"": 0.0,
        ""surprise"": 0.0
",0,0,0,0,1,0,0,0,Happiness,5cc42402-ae47-40d1-8308-30ee3d8a5ee2,0.03,blond,3
3,2,3,"        ""anger"": 0.0,
        ""contempt"": 0.0,
        ""disgust"": 0.0,
        ""fear"": 0.0,
        ""happiness"": 0.615,
        ""neutral"": 0.032,
        ""sadness"": 0.001,
        ""surprise"": 0.351
",0,0,0,0,0.615,0.032,0.001,0.351,Happiness,854927e9-0cfd-43b8-9239-416c7e599500,0.17,blond,2
4,5,4,"        ""anger"": 0.0,
        ""contempt"": 0.0,
        ""disgust"": 0.0,
        ""fear"": 0.0,
        ""happiness"": 0.995,
        ""neutral"": 0.005,
        ""sadness"": 0.0,
        ""surprise"": 0.0
",0,0,0,0,0.995,0.005,0,0,Happiness,9bc603c1-835c-4f73-baac-4932d29020a0,0.04,brown,5
5,4,5,"        ""anger"": 0.0,
        ""contempt"": 0.0,
        ""disgust"": 0.0,
        ""fear"": 0.0,
        ""happiness"": 0.91,
        ""neutral"": 0.083,
        ""sadness"": 0.0,
        ""surprise"": 0.007
",0,0,0,0,0.91,0.083,0,0.007,Happiness,ab7d788d-e67f-4e6a-afb0-e9ae9bb5d120,0.05,blond,4
6,8,6,"        ""anger"": 0.0,
        ""contempt"": 0.0,
        ""disgust"": 0.0,
        ""fear"": 0.0,
        ""happiness"": 0.0,
        ""neutral"": 0.994,
        ""sadness"": 0.001,
        ""surprise"": 0.005
",0,0,0,0,0,0.994,0.001,0.005,Neutral,ec048f9e-a890-47ba-9094-ab07151a793e,0,brown,8
7,1,7,"        ""anger"": 0.0,
        ""contempt"": 0.0,
        ""disgust"": 0.0,
        ""fear"": 0.0,
        ""happiness"": 0.126,
        ""neutral"": 0.446,
        ""sadness"": 0.001,
        ""surprise"": 0.426
",0,0,0,0,0.126,0.446,0.001,0.426,Neutral,cfbd4c7d-939a-4bbf-b1a0-59bcdef55a62,0.02,brown,1
8,5,8,"        ""anger"": 0.0,
        ""contempt"": 0.0,
        ""disgust"": 0.0,
        ""fear"": 0.0,
        ""happiness"": 0.0,
        ""neutral"": 0.533,
        ""sadness"": 0.0,
        ""surprise"": 0.467
",0,0,0,0,0,0.533,0,0.467,Neutral,6f3c48a6-e583-4c14-af0c-0f3821015552,0.02,blond,5
9,3,9,"        ""anger"": 0.001,
        ""contempt"": 0.002,
        ""disgust"": 0.002,
        ""fear"": 0.0,
        ""happiness"": 0.122,
        ""neutral"": 0.862,
        ""sadness"": 0.011,
        ""surprise"": 0.0
",0.001,0.002,0.002,0,0.122,0.862,0.011,0,Happiness,db02daae-d618-4fb1-bf3d-2b66bee9fd45,0.03,blond,3
10,5,10,"        ""anger"": 0.625,
        ""contempt"": 0.066,
        ""disgust"": 0.24,
        ""fear"": 0.0,
        ""happiness"": 0.002,
        ""neutral"": 0.065,
        ""sadness"": 0.003,
        ""surprise"": 0.0
",0.625,0.066,0.24,0,0.002,0.065,0.003,0,Anger,3971ba89-ec1c-484f-85e3-1f64c12e9b54,0.06,brown,5
11,7,11,"        ""anger"": 0.0,
        ""contempt"": 0.0,
        ""disgust"": 0.0,
        ""fear"": 0.0,
        ""happiness"": 0.0,
        ""neutral"": 1.0,
        ""sadness"": 0.0,
        ""surprise"": 0.0
",0,0,0,0,0,1,0,0,Neutral,b55bae66-b19f-4be3-9c16-076bb70f5e0f,0.03,brown,7
12,5,12,"        ""anger"": 0.0,
        ""contempt"": 0.0,
        ""disgust"": 0.0,
        ""fear"": 0.0,
        ""happiness"": 1.0,
        ""neutral"": 0.0,
        ""sadness"": 0.0,
        ""surprise"": 0.0
",0,0,0,0,1,0,0,0,Happiness,12a80ea5-b976-4bc2-b160-4632beb6be14,0.79,blond,5
13,5,13,"        ""anger"": 0.0,
        ""contempt"": 0.001,
        ""disgust"": 0.0,
        ""fear"": 0.0,
        ""happiness"": 0.093,
        ""neutral"": 0.904,
        ""sadness"": 0.001,
        ""surprise"": 0.0
",0,0.001,0,0,0.093,0.904,0.001,0,Neutral,77d6f12f-e230-4f3e-8cb8-cfc1f09b3404,0.02,blond,5
14,8,14,"        ""anger"": 0.062,
        ""contempt"": 0.0,
        ""disgust"": 0.0,
        ""fear"": 0.0,
        ""happiness"": 0.0,
        ""neutral"": 0.012,
        ""sadness"": 0.0,
        ""surprise"": 0.925
",0.062,0,0,0,0,0.012,0,0.925,Anger,d051d5c7-31ab-4e7a-84f3-4ab35ccc1c5a,0.04,brown,8
15,5,15,"        ""anger"": 0.0,
        ""contempt"": 0.0,
        ""disgust"": 0.0,
        ""fear"": 0.0,
        ""happiness"": 1.0,
        ""neutral"": 0.0,
        ""sadness"": 0.0,
        ""surprise"": 0.0
",0,0,0,0,1,0,0,0,Happiness,c773854a-e9e4-4828-a233-3ce8ada052ad,0.02,brown,5
16,12,16,"        ""anger"": 0.0,
        ""contempt"": 0.0,
        ""disgust"": 0.0,
        ""fear"": 0.0,
        ""happiness"": 0.0,
        ""neutral"": 1.0,
        ""sadness"": 0.0,
        ""surprise"": 0.0
",0,0,0,0,0,1,0,0,Neutral,58f68990-ee3d-4ef2-ae48-737c39d12b3e,0.05,black,12
17,6,17,"        ""anger"": 0.0,
        ""contempt"": 0.001,
        ""disgust"": 0.0,
        ""fear"": 0.0,
        ""happiness"": 0.597,
        ""neutral"": 0.401,
        ""sadness"": 0.001,
        ""surprise"": 0.0
",0,0.001,0,0,0.597,0.401,0.001,0,Neutral,9785d0d6-43f5-42cc-a1e4-5b8f0047f352,1.0,blond,6
18,14,18,"        ""anger"": 0.0,
        ""contempt"": 0.0,
        ""disgust"": 0.0,
        ""fear"": 0.0,
        ""happiness"": 0.001,
        ""neutral"": 0.99,
        ""sadness"": 0.0,
        ""surprise"": 0.008
",0,0,0,0,0.001,0.99,0,0.008,Neutral,536a56d7-3a38-4701-87b6-1f53dfdb8a10,0.12,brown,14
19,7,19,"        ""anger"": 0.0,
        ""contempt"": 0.0,
        ""disgust"": 0.0,
        ""fear"": 0.0,
        ""happiness"": 0.0,
        ""neutral"": 0.996,
        ""sadness"": 0.004,
        ""surprise"": 0.0
",0,0,0,0,0,0.996,0.004,0,Neutral,8ae982fe-159a-4043-aebe-81fd7a41d0e9,0.01,brown,7
20,7,20,"        ""anger"": 0.0,
        ""contempt"": 0.0,
        ""disgust"": 0.0,
        ""fear"": 0.0,
        ""happiness"": 0.104,
        ""neutral"": 0.893,
        ""sadness"": 0.002,
        ""surprise"": 0.001
",0,0,0,0,0.104,0.893,0.002,0.001,Neutral,ad04b967-63d3-4262-806f-564f06c75eab,0.03,brown,7
21,7,21,"        ""anger"": 0.0,
        ""contempt"": 0.0,
        ""disgust"": 0.0,
        ""fear"": 0.0,
        ""happiness"": 0.0,
        ""neutral"": 0.98,
        ""sadness"": 0.019,
        ""surprise"": 0.0
",0,0,0,0,0,0.98,0.019,0,Neutral,e7fab867-7eab-435c-aa97-6ee76672309f,0.98,blond,7
22,5,22,"        ""anger"": 0.0,
        ""contempt"": 0.001,
        ""disgust"": 0.0,
        ""fear"": 0.0,
        ""happiness"": 0.01,
        ""neutral"": 0.988,
        ""sadness"": 0.001,
        ""surprise"": 0.0
",0,0.001,0,0,0.01,0.998,0.001,0,Neutral,14d94468-6a7b-4608-a39b-19b7a094de9c,0.02,brown,5
23,4,23,"        ""anger"": 0.0,
        ""contempt"": 0.0,
        ""disgust"": 0.0,
        ""fear"": 0.0,
        ""happiness"": 0.001,
        ""neutral"": 0.867,
        ""sadness"": 0.122,
        ""surprise"": 0.009
",0,0,0,0,0.001,0.867,0.122,0.009,Neutral,da630d35-1e95-47f2-99e1-7aab015aca4e,0.02,brown,4
24,4,24,"        ""anger"": 0.0,
        ""contempt"": 0.012,
        ""disgust"": 0.0,
        ""fear"": 0.0,
        ""happiness"": 0.072,
        ""neutral"": 0.848,
        ""sadness"": 0.067,
        ""surprise"": 0.0
",0,0.012,0,0,0.072,0.848,0.067,0,Happiness,4b44a70e-1a3e-4eec-a94f-bb3a9c36dc6b,0.1,blond,4
25,6,25,"        ""anger"": 0.0,
        ""contempt"": 0.0,
        ""disgust"": 0.0,
        ""fear"": 0.0,
        ""happiness"": 0.0,
        ""neutral"": 0.998,
        ""sadness"": 0.002,
        ""surprise"": 0.0
",0,0,0,0,0,0.998,0.002,0,Neutral,49796cf4-139d-4850-9b2a-1bdc2711cd60,0.03,black,6
26,4,26,"        ""anger"": 0.0,
        ""contempt"": 0.0,
        ""disgust"": 0.0,
        ""fear"": 0.0,
        ""happiness"": 0.0,
        ""neutral"": 0.994,
        ""sadness"": 0.006,
        ""surprise"": 0.0
",0,0,0,0,0,0.994,0.006,0,Neutral,c3bcde17-75de-4250-ae25-9fdf4620dcdf,0.5,brown,4
27,5,27,"        ""anger"": 0.0,
        ""contempt"": 0.0,
        ""disgust"": 0.0,
        ""fear"": 0.0,
        ""happiness"": 1.0,
        ""neutral"": 0.0,
        ""sadness"": 0.0,
        ""surprise"": 0.0
",0,0,0,0,1,0,0,0,Happiness,098313b8-dfd8-418f-9791-2324e2a9a892,0.04,brown,5
28,NO VIDEO,28,,,,,,,,,,,,,,NO VIDEO
29,36,29,"        ""anger"": 0.001,
        ""contempt"": 0.0,
        ""disgust"": 0.0,
        ""fear"": 0.001,
        ""happiness"": 0.003,
        ""neutral"": 0.806,
        ""sadness"": 0.003,
        ""surprise"": 0.185
",0.001,0,0,0.001,0.003,0.806,0.003,0.185,Neutral,9f4d9899-f760-4247-a891-ac6943eece81,0.12,brown,36
30,4,30,"        ""anger"": 0.0,
        ""contempt"": 0.001,
        ""disgust"": 0.0,
        ""fear"": 0.0,
        ""happiness"": 0.0,
        ""neutral"": 0.743,
        ""sadness"": 0.256,
        ""surprise"": 0.0
",0,0.001,0,0,0,0.743,0.256,0,Neutral,47cd8bf3-be40-48d5-a611-346b16e6b0bd,0.13,brown,4
31,5,31,"        ""anger"": 0.0,
        ""contempt"": 0.0,
        ""disgust"": 0.0,
        ""fear"": 0.0,
        ""happiness"": 1.0,
        ""neutral"": 0.0,
        ""sadness"": 0.0,
        ""surprise"": 0.0
",0,0,0,0,1,0,0,0,Neutral,e8b70317-5de2-4bdc-a8f9-50ae73432ea6,0.12,brown,5
32,1,32,"        ""anger"": 0.0,
        ""contempt"": 0.0,
        ""disgust"": 0.0,
        ""fear"": 0.0,
        ""happiness"": 0.019,
        ""neutral"": 0.971,
        ""sadness"": 0.001,
        ""surprise"": 0.009
",0,0,0,0,0.019,0.971,0.001,0.009,Neutral,abe2cc9b-7ffe-4ba0-8878-77b72be20696,0.09,brown,1
33,1,33,"        ""anger"": 0.0,
        ""contempt"": 0.001,
        ""disgust"": 0.0,
        ""fear"": 0.0,
        ""happiness"": 0.001,
        ""neutral"": 0.982,
        ""sadness"": 0.003,
        ""surprise"": 0.012
",0,0.001,0,0,0.001,0.982,0.003,0.012,Neutral,056d633f-35d5-4957-981b-eac8047b7e9b,0.08,blond,1
34,7,34,"        ""anger"": 0.0,
        ""contempt"": 0.0,
        ""disgust"": 0.0,
        ""fear"": 0.0,
        ""happiness"": 0.0,
        ""neutral"": 1.0,
        ""sadness"": 0.0,
        ""surprise"": 0.0
",0,0,0,0,0,1,0,0,Neutral,96d649d8-aae6-4452-909c-fb090a03e39f,0.09,brown,7
35,5,35,"        ""anger"": 0.108,
        ""contempt"": 0.002,
        ""disgust"": 0.005,
        ""fear"": 0.002,
        ""happiness"": 0.006,
        ""neutral"": 0.847,
        ""sadness"": 0.024,
        ""surprise"": 0.005
",0.108,0.002,0.005,0.002,0.006,0.847,0.024,0.005,Neutral,5858477c-e370-484e-a3e4-195ded5f6e26,0.01,blond,5
36,4,36,"        ""anger"": 0.0,
        ""contempt"": 0.0,
        ""disgust"": 0.0,
        ""fear"": 0.0,
        ""happiness"": 1.0,
        ""neutral"": 0.0,
        ""sadness"": 0.0,
        ""surprise"": 0.0",0,0,0,0,1,0,0,0,Happiness,eae1ae0f-d1f4-4198-9485-e4a4796ca71a,0.05,blond,4
37,6,37,"        ""anger"": 0.0,
        ""contempt"": 0.002,
        ""disgust"": 0.0,
        ""fear"": 0.002,
        ""happiness"": 0.392,
        ""neutral"": 0.545,
        ""sadness"": 0.047,
        ""surprise"": 0.011
",0,0.002,0,0.002,0.392,0.545,0.047,0.011,Neutral,e2f25f67-80a7-4d7f-8dec-6ae6d375346e,0.05,red,6
38,3,38,"        ""anger"": 0.0,
        ""contempt"": 0.0,
        ""disgust"": 0.0,
        ""fear"": 0.0,
        ""happiness"": 0.002,
        ""neutral"": 0.959,
        ""sadness"": 0.0,
        ""surprise"": 0.039
",0,0,0,0,0.002,0.959,0,0.039,Neutral,c721a9b2-d0ae-446b-b0df-629592c659fe,0.09,blond,3
39,4,39,"        ""anger"": 0.0,
        ""contempt"": 0.0,
        ""disgust"": 0.0,
        ""fear"": 0.0,
        ""happiness"": 0.529,
        ""neutral"": 0.008,
        ""sadness"": 0.462,
        ""surprise"": 0.0",0,0,0,0,0.529,0.008,0.462,0,Happiness,ba386c7a-fcf3-4abd-b901-8d2d505a2860,0.04,brown,4
40,7,40,"        ""anger"": 0.0,
        ""contempt"": 0.0,
        ""disgust"": 0.0,
        ""fear"": 0.0,
        ""happiness"": 0.998,
        ""neutral"": 0.002,
        ""sadness"": 0.0,
        ""surprise"": 0.0",0,0,0,0,0.998,0.002,0,0,Happiness,3d6aa434-1d1f-4e81-8475-c9f8a7bf1fae,0.12,blond,7
41,NO VIDEO,41,,,,,,,,,,,,,,NO VIDEO
42,4,42,"        ""anger"": 0.0,
        ""contempt"": 0.0,
        ""disgust"": 0.0,
        ""fear"": 0.0,
        ""happiness"": 0.947,
        ""neutral"": 0.052,
        ""sadness"": 0.0,
        ""surprise"": 0.0",0,0,0,0,0.947,0.052,0,0,Neutral,1fe7d957-a5dc-48ea-b456-512a8852bac8,0.03,brown,4
43,3,43,"        ""anger"": 0.001,
        ""contempt"": 0.0,
        ""disgust"": 0.0,
        ""fear"": 0.005,
        ""happiness"": 0.015,
        ""neutral"": 0.349,
        ""sadness"": 0.007,
        ""surprise"": 0.622",0.001,0,0,0.005,0.015,0.349,0.007,0.622,Happiness,10167626-88aa-4160-8644-cd4376b8b12b,0.22,blond,3
44,6,44,"        ""anger"": 0.0,
        ""contempt"": 0.0,
        ""disgust"": 0.0,
        ""fear"": 0.0,
        ""happiness"": 0.998,
        ""neutral"": 0.0,
        ""sadness"": 0.001,
        ""surprise"": 0.001",0,0,0,0,0.998,0,0.001,0.001,Happiness,a602907a-f83a-4b5a-8091-6cf82186f352,0.02,blond,6
45,4,45,"        ""anger"": 0.0,
        ""contempt"": 0.001,
        ""disgust"": 0.0,
        ""fear"": 0.0,
        ""happiness"": 0.345,
        ""neutral"": 0.654,
        ""sadness"": 0.0,
        ""surprise"": 0.0",0,0,0.654,0.345,0,0,0.001,0,Neutral,bd49097c-0671-4ad6-a36c-77409a962b24,0.04,red,4
46,3,46,"        ""anger"": 0.0,
        ""contempt"": 0.0,
        ""disgust"": 0.0,
        ""fear"": 0.0,
        ""happiness"": 0.991,
        ""neutral"": 0.009,
        ""sadness"": 0.0,
        ""surprise"": 0.0",0,0,0,0,9.991,0.009,0,0,Happiness,2a3faced-edd0-40ee-ac11-67787531aebc,0.07,brown,3
47,4,47,"        ""anger"": 0.0,
        ""contempt"": 0.0,
        ""disgust"": 0.0,
        ""fear"": 0.0,
        ""happiness"": 0.0,
        ""neutral"": 0.981,
        ""sadness"": 0.019,
        ""surprise"": 0.0",0,0,0,0,0,0.981,0.019,0,Neutral,58c327b7-3fd8-4813-ac06-98040c909d5e,0.09,brown,4
48,4,48,"        ""anger"": 0.0,
        ""contempt"": 0.0,
        ""disgust"": 0.0,
        ""fear"": 0.0,
        ""happiness"": 0.997,
        ""neutral"": 0.003,
        ""sadness"": 0.0,
        ""surprise"": 0.0",0,0,0,0,0.997,0.003,0,0,Neutral,88487948-b638-4d7c-8aba-098d8f02ed74,0.03,blond,4
49,3,49,"        ""anger"": 0.0,
        ""contempt"": 0.0,
        ""disgust"": 0.0,
        ""fear"": 0.001,
        ""happiness"": 0.001,
        ""neutral"": 0.953,
        ""sadness"": 0.005,
        ""surprise"": 0.039",0,0,0,0.001,0.001,0.953,0.005,0.039,Sadness,867dbea4-e823-433e-b8d7-77792c180e83,0.04,blond,3
50,3,50,"        ""anger"": 0.0,
        ""contempt"": 0.0,
        ""disgust"": 0.0,
        ""fear"": 0.0,
        ""happiness"": 0.0,
        ""neutral"": 0.991,
        ""sadness"": 0.007,
        ""surprise"": 0.002",0,0,0,0,0,0.991,0.007,0.002,Neutral,204f46cc-6d4b-43e1-b932-4c779f230b0a,0.12,blond,3
51,5,51,"        ""anger"": 0.0,
        ""contempt"": 0.0,
        ""disgust"": 0.0,
        ""fear"": 0.0,
        ""happiness"": 0.997,
        ""neutral"": 0.003,
        ""sadness"": 0.0,
        ""surprise"": 0.0",0,0,0,0,0.997,0.003,0,0,Happiness,ff74c410-df1d-4bcb-8d1a-6a681e5ded1e,0.04,brown,5
52,4,52,"        ""anger"": 0.0,
        ""contempt"": 0.001,
        ""disgust"": 0.0,
        ""fear"": 0.0,
        ""happiness"": 0.002,
        ""neutral"": 0.992,
        ""sadness"": 0.003,
        ""surprise"": 0.002",0,0.001,0,0,0.002,0.992,0.003,0.002,Neutral,2e995d9a-4bd2-47a5-8ed8-c3670c8852e1,0.08,brown,4
53,4,53,"        ""anger"": 0.0,
        ""contempt"": 0.0,
        ""disgust"": 0.0,
        ""fear"": 0.0,
        ""happiness"": 1.0,
        ""neutral"": 0.0,
        ""sadness"": 0.0,
        ""surprise"": 0.0",0,0,0,0,1,0,0,0,Happiness,4f55256c-ac76-418f-8fe6-6afccd09930f,0.03,brown,4
54,6,54,"        ""anger"": 0.0,
        ""contempt"": 0.0,
        ""disgust"": 0.0,
        ""fear"": 0.0,
        ""happiness"": 0.0,
        ""neutral"": 0.998,
        ""sadness"": 0.002,
        ""surprise"": 0.0",0,0,0,0,0,0.998,0.002,0,Neutral,74c42c9a-904f-40c0-852b-bf03c409627d,0.04,black,6
55,8,55,"        ""anger"": 0.0,
        ""contempt"": 0.0,
        ""disgust"": 0.0,
        ""fear"": 0.0,
        ""happiness"": 0.002,
        ""neutral"": 0.644,
        ""sadness"": 0.004,
        ""surprise"": 0.349",0,0,0,0,0.002,0.644,0.004,0.349,Neutral,8c51880d-6e25-471f-993d-37f6546d5a6c,0.07,brown,8
56,8,56,"        ""anger"": 0.0,
        ""contempt"": 0.0,
        ""disgust"": 0.0,
        ""fear"": 0.0,
        ""happiness"": 0.001,
        ""neutral"": 0.993,
        ""sadness"": 0.005,
        ""surprise"": 0.0",0,0,0,0,0.001,0.993,0.005,0,Neutral,61957418-becd-458e-8235-908b64f83cd1,0.2,brown,8
57,9,57,"        ""anger"": 0.136,
        ""contempt"": 0.0,
        ""disgust"": 0.034,
        ""fear"": 0.005,
        ""happiness"": 0.634,
        ""neutral"": 0.076,
        ""sadness"": 0.066,
        ""surprise"": 0.049",0.136,0,0.034,0.005,0.634,0.076,0.066,0.049,Sadness,0d071fff-f814-4dfb-8e88-7be6cbbf3878,0.18,brown,9
58,6,58,"        ""anger"": 0.0,
        ""contempt"": 0.0,
        ""disgust"": 0.0,
        ""fear"": 0.0,
        ""happiness"": 0.667,
        ""neutral"": 0.332,
        ""sadness"": 0.0,
        ""surprise"": 0.001",0,0,0,0,0.667,0.332,0,0.001,Neutral,8a909d8f-ffa3-40fb-b924-654c311b93ce,0.14,blond,6
59,10,59,"        ""anger"": 0.0,
        ""contempt"": 0.012,
        ""disgust"": 0.0,
        ""fear"": 0.0,
        ""happiness"": 0.426,
        ""neutral"": 0.562,
        ""sadness"": 0.0,
        ""surprise"": 0.0",0,0.012,0,0,0.426,0.562,0,0,Sadness,3a771dae-9576-4d5e-b093-926d7045889e,0.18,brown,10
60,8,60,"        ""anger"": 0.001,
        ""contempt"": 0.0,
        ""disgust"": 0.001,
        ""fear"": 0.001,
        ""happiness"": 0.003,
        ""neutral"": 0.596,
        ""sadness"": 0.005,
        ""surprise"": 0.394",0.001,0,0.001,0.001,0.003,0.596,0.005,0.394,Neutral,c3d12074-3921-4502-aa59-e223ee116991,0.01,brown,8
61,2,61,"        ""anger"": 0.0,
        ""contempt"": 0.0,
        ""disgust"": 0.0,
        ""fear"": 0.0,
        ""happiness"": 0.003,
        ""neutral"": 0.995,
        ""sadness"": 0.002,
        ""surprise"": 0.0",0,0,0,0,0.003,0.995,0.002,0,Sadness,d6adb078-047b-477e-8cf0-a5ba131476ec,0.07,brown,2
62,4,62,"        ""anger"": 0.0,
        ""contempt"": 0.001,
        ""disgust"": 0.0,
        ""fear"": 0.0,
        ""happiness"": 0.028,
        ""neutral"": 0.969,
        ""sadness"": 0.002,
        ""surprise"": 0.0",0,0.001,0,0,0.028,0.969,0.002,0,Neutral,f63cc725-cf79-4baf-84da-db4a997a9b7d,0.13,black,4
63,NO VIDEO,63,,,,,,,,,,,,,,NO VIDEO
64,4,64,"        ""anger"": 0.0,
        ""contempt"": 0.0,
        ""disgust"": 0.0,
        ""fear"": 0.0,
        ""happiness"": 0.0,
        ""neutral"": 0.999,
        ""sadness"": 0.001,
        ""surprise"": 0.0",0,0,0,0,0,0.999,0.001,0,Neutral,1e169949-8da0-463e-99d4-c31c2aa80aad,0.42,brown,4
65,5,65,"        ""anger"": 0.0,
        ""contempt"": 0.0,
        ""disgust"": 0.0,
        ""fear"": 0.0,
        ""happiness"": 0.0,
        ""neutral"": 0.996,
        ""sadness"": 0.001,
        ""surprise"": 0.003",0,0,0,0,0,0.996,0.001,0.003,Neutral,31da703f-1dab-46e0-89dc-9ff07c048011,0.35,black,5
66,5,66,"        ""anger"": 0.0,
        ""contempt"": 0.0,
        ""disgust"": 0.0,
        ""fear"": 0.0,
        ""happiness"": 0.0,
        ""neutral"": 0.991,
        ""sadness"": 0.008,
        ""surprise"": 0.0",0,0,0,0,0,0.991,0.008,0,Neutral,5a38610b-3c34-4284-aa5b-1eb31d6eb730,0.6,brown,5
67,4,67,"        ""anger"": 0.0,
        ""contempt"": 0.0,
        ""disgust"": 0.0,
        ""fear"": 0.0,
        ""happiness"": 0.0,
        ""neutral"": 0.999,
        ""sadness"": 0.001,
        ""surprise"": 0.0",0,0,0,0,0,0.999,0.001,0,Neutral,2534808f-7b2c-4291-b980-5b76364e2c43,0.06,brown,4
68,5,68,"        ""anger"": 0.001,
        ""contempt"": 0.392,
        ""disgust"": 0.0,
        ""fear"": 0.0,
        ""happiness"": 0.005,
        ""neutral"": 0.592,
        ""sadness"": 0.01,
        ""surprise"": 0.0",0.001,0.392,0,0,0.005,0.592,0.01,0,Neutral,444ad5d0-acfe-4ada-8584-2a75c801e260,0.13,blond,5
69,7,69,"        ""anger"": 0.002,
        ""contempt"": 0.0,
        ""disgust"": 0.0,
        ""fear"": 0.007,
        ""happiness"": 0.0,
        ""neutral"": 0.937,
        ""sadness"": 0.001,
        ""surprise"": 0.053",0.002,0,0,0.007,0,0.937,0.001,0.053,Neutral,13ebf998-9939-42b7-a134-e121613607d9,0.05,brown,7
70,1,70,"        ""anger"": 0.0,
        ""contempt"": 0.001,
        ""disgust"": 0.0,
        ""fear"": 0.0,
        ""happiness"": 0.293,
        ""neutral"": 0.705,
        ""sadness"": 0.001,
        ""surprise"": 0.0",0,0.001,0,0,0.293,0.705,0.001,0,Neutral,86b740a7-383c-4081-bd42-2c93cc752d57,0.03,blond,1
71,3,71,"        ""anger"": 0.0,
        ""contempt"": 0.001,
        ""disgust"": 0.0,
        ""fear"": 0.0,
        ""happiness"": 0.001,
        ""neutral"": 0.998,
        ""sadness"": 0.0,
        ""surprise"": 0.0",0,0.001,0,0,0.001,0.998,0,0,Neutral,7efece4d-8af0-477f-813b-c0403b510a3e,0.08,brown,3
72,6,72,"        ""anger"": 0.0,
        ""contempt"": 0.0,
        ""disgust"": 0.0,
        ""fear"": 0.0,
        ""happiness"": 0.999,
        ""neutral"": 0.001,
        ""sadness"": 0.0,
        ""surprise"": 0.0",0,0,0,0,0.999,0.001,0,0,Neutral,032c21ab-d340-45fa-bb66-0427d6e3d9aa,0.6,brown,6
73,7,73,"        ""anger"": 0.0,
        ""contempt"": 0.0,
        ""disgust"": 0.0,
        ""fear"": 0.0,
        ""happiness"": 0.001,
        ""neutral"": 0.895,
        ""sadness"": 0.001,
        ""surprise"": 0.104",0,0,0,0,0.001,0.895,0.001,0.104,Neutral,12f5521e-6229-40b3-9794-83d0f5d38298,0.04,brown,7
74,7,74,"        ""anger"": 0.0,
        ""contempt"": 0.001,
        ""disgust"": 0.0,
        ""fear"": 0.0,
        ""happiness"": 0.021,
        ""neutral"": 0.968,
        ""sadness"": 0.008,
        ""surprise"": 0.001",0,0.001,0,0,0.021,0.968,0.008,0.001,Neutral,17ad4ba3-0e05-4114-94db-dc6f701009e6,0.04,brown,7
75,4,75,"        ""anger"": 0.0,
        ""contempt"": 0.006,
        ""disgust"": 0.001,
        ""fear"": 0.0,
        ""happiness"": 0.1,
        ""neutral"": 0.803,
        ""sadness"": 0.09,
        ""surprise"": 0.0",0,0.006,0.001,0,0.1,0.803,0.09,0,Neutral,a5744908-fe63-475c-b65a-f00840e334ed,0.04,blond,4
76,6,76,"        ""anger"": 0.0,
        ""contempt"": 0.0,
        ""disgust"": 0.0,
        ""fear"": 0.0,
        ""happiness"": 0.271,
        ""neutral"": 0.648,
        ""sadness"": 0.001,
        ""surprise"": 0.078",0,0,0,0,0.271,0.648,0.001,0.078,Happiness,8d0a25f7-6892-490f-92d0-5a52d6dfd3c4,0.05,brown,6
77,4,77,"        ""anger"": 0.0,
        ""contempt"": 0.0,
        ""disgust"": 0.0,
        ""fear"": 0.0,
        ""happiness"": 1.0,
        ""neutral"": 0.0,
        ""sadness"": 0.0,
        ""surprise"": 0.0",0,0,0,0,1,0,0,0,Happiness,eaf6207a-7783-4727-a6ed-dc14dd57983c,0.01,brown,4
78,4,78,"        ""anger"": 0.0,
        ""contempt"": 0.0,
        ""disgust"": 0.0,
        ""fear"": 0.001,
        ""happiness"": 0.0,
        ""neutral"": 0.822,
        ""sadness"": 0.002,
        ""surprise"": 0.175",0,0,0,0.001,0,0.822,0.002,0.125,Neutral,31340cb0-4393-415d-8bba-b5bf000e416b,0.02,blond,4
79,4,79,"        ""anger"": 0.0,
        ""contempt"": 0.0,
        ""disgust"": 0.0,
        ""fear"": 0.0,
        ""happiness"": 0.0,
        ""neutral"": 0.939,
        ""sadness"": 0.006,
        ""surprise"": 0.054",0,0,0,0,0,0.939,0.006,0.054,Neutral,d2a7bbb8-1e9a-4916-8f98-fcd2de15963c,0.01,blond,4
80,8,80,"        ""anger"": 0.0,
        ""contempt"": 0.0,
        ""disgust"": 0.0,
        ""fear"": 0.0,
        ""happiness"": 0.963,
        ""neutral"": 0.036,
        ""sadness"": 0.0,
        ""surprise"": 0.0",0,0,0,0,0.963,0.036,0,0,Neutral,51c38157-08d0-402d-89be-eecac7304526,0.03,brown,8
81,NO VIDEO,81,,,,,,,,,,,,,,NO VIDEO
82,6,82,"        ""anger"": 0.0,
        ""contempt"": 0.0,
        ""disgust"": 0.0,
        ""fear"": 0.0,
        ""happiness"": 0.0,
        ""neutral"": 0.402,
        ""sadness"": 0.0,
        ""surprise"": 0.598",0,0,0,0,0,0.402,0,0.598,Neutral,2456e62b-8ad2-4b90-826a-abb0a10c7ff7,0.26,brown,6
83,6,83,"        ""anger"": 0.0,
        ""contempt"": 0.002,
        ""disgust"": 0.0,
        ""fear"": 0.0,
        ""happiness"": 0.002,
        ""neutral"": 0.971,
        ""sadness"": 0.025,
        ""surprise"": 0.0",0,0.002,0,0,0.002,0.971,0.025,0,Neutral,60af1e96-8d2e-489f-a8b7-f1ea8bf300f2,0.01,brown,6
84,6,84,"        ""anger"": 0.0,
        ""contempt"": 0.0,
        ""disgust"": 0.0,
        ""fear"": 0.0,
        ""happiness"": 1.0,
        ""neutral"": 0.0,
        ""sadness"": 0.0,
        ""surprise"": 0.0",0,0,0,0,1,0,0,0,Happiness,a0bd56aa-3a35-45e4-b5ea-3e70e3e0c48a,0.02,blond,6
85,6,85,"        ""anger"": 0.0,
        ""contempt"": 0.0,
        ""disgust"": 0.0,
        ""fear"": 0.0,
        ""happiness"": 0.999,
        ""neutral"": 0.001,
        ""sadness"": 0.0,
        ""surprise"": 0.0",0,0,0,0,0.999,0.001,0,0,Happiness,fe110309-c614-45e4-8e03-c4ff5ed71ee0,0.03,blond,6
86,6,86,"        ""anger"": 0.0,
        ""contempt"": 0.001,
        ""disgust"": 0.0,
        ""fear"": 0.001,
        ""happiness"": 0.82,
        ""neutral"": 0.17,
        ""sadness"": 0.004,
        ""surprise"": 0.004",0,0.001,0,0.001,0.82,0.17,0.004,0.004,Neutral,6b116909-c05c-4bf4-a458-c7f775f3dae6,0.05,black,6
87,6,87,"        ""anger"": 0.0,
        ""contempt"": 0.0,
        ""disgust"": 0.0,
        ""fear"": 0.0,
        ""happiness"": 0.002,
        ""neutral"": 0.997,
        ""sadness"": 0.001,
        ""surprise"": 0.0
",0,0,0,0,0.002,0.997,0.001,0,Neutral,66bfbb75-fa6c-42cb-a4a5-c10bcb43b149,0.03,black,6
88,6,88,"        ""anger"": 0.0,
        ""contempt"": 0.0,
        ""disgust"": 0.0,
        ""fear"": 0.0,
        ""happiness"": 0.0,
        ""neutral"": 0.371,
        ""sadness"": 0.0,
        ""surprise"": 0.628
",0,0,0,0,0,0.371,0,0.628,Neutral,d9899a78-14e2-494d-8671-cee73523771c,0.04,black,6
89,5,89,"        ""anger"": 0.0,
        ""contempt"": 0.002,
        ""disgust"": 0.001,
        ""fear"": 0.0,
        ""happiness"": 0.485,
        ""neutral"": 0.331,
        ""sadness"": 0.181,
        ""surprise"": 0.0
",0,0.002,0.001,0,0.485,0.331,0.181,0,Neutral,784e5355-f4c3-4966-8330-afd7c7e2582b,0.02,brown,5
90,15,90,"        ""anger"": 0.003,
        ""contempt"": 0.0,
        ""disgust"": 0.001,
        ""fear"": 0.0,
        ""happiness"": 0.054,
        ""neutral"": 0.936,
        ""sadness"": 0.002,
        ""surprise"": 0.004
",0.003,0,0.001,0,0.054,0.936,0.002,0.004,Neutral,4d1071d2-0ae3-4a9e-bbe1-f386399270f4,0.01,brown,15
91,5,91,"        ""anger"": 0.0,
        ""contempt"": 0.0,
        ""disgust"": 0.0,
        ""fear"": 0.0,
        ""happiness"": 0.0,
        ""neutral"": 1.0,
        ""sadness"": 0.0,
        ""surprise"": 0.0
",0,0,0,0,0,1,0,0,Neutral,d514f92f-39ff-4fb2-bd6b-a7075551d9a4,0.21,brown,5
92,6,92,"        ""anger"": 0.0,
        ""contempt"": 0.0,
        ""disgust"": 0.0,
        ""fear"": 0.0,
        ""happiness"": 0.0,
        ""neutral"": 0.985,
        ""sadness"": 0.014,
        ""surprise"": 0.001
",0,0,0,0,0,0.985,0.014,0.001,Neutral,64f8f89f-61df-47cb-9ef6-ae887d3a0baa,0.09,black,6
93,4,93,"        ""anger"": 0.0,
        ""contempt"": 0.0,
        ""disgust"": 0.0,
        ""fear"": 0.0,
        ""happiness"": 1.0,
        ""neutral"": 0.0,
        ""sadness"": 0.0,
        ""surprise"": 0.0
",0,0,0,0,1,0,0,0,Happiness,31288305-491b-4171-869e-ebbe0584cb5a,0.06,brown,4
94,9,94,"        ""anger"": 0.0,
        ""contempt"": 0.0,
        ""disgust"": 0.0,
        ""fear"": 0.0,
        ""happiness"": 0.0,
        ""neutral"": 0.998,
        ""sadness"": 0.001,
        ""surprise"": 0.001
",0,0,0,0,0,0.998,0.001,0.001,Neutral,bb9e822c-cc76-4279-bf77-7c301226c651,0.02,brown,9
95,4,95,"        ""anger"": 0.0,
        ""contempt"": 0.0,
        ""disgust"": 0.0,
        ""fear"": 0.0,
        ""happiness"": 0.999,
        ""neutral"": 0.0,
        ""sadness"": 0.001,
        ""surprise"": 0.0
",0,0,0,0,0.999,0,0.001,0,Happiness,8748363b-6c5a-40cf-9929-d8c1fda5020e,0.04,brown,4
96,3,96,"        ""anger"": 0.001,
        ""contempt"": 0.0,
        ""disgust"": 0.009,
        ""fear"": 0.0,
        ""happiness"": 0.99,
        ""neutral"": 0.0,
        ""sadness"": 0.0,
        ""surprise"": 0.0
",0.001,0,0.009,0,0.99,0,0,0,Happiness,a826c004-8864-47ef-b8dd-2639d89aab34,0.06,blond,3
97,0,97,"        ""anger"": 0.0,
        ""contempt"": 0.0,
        ""disgust"": 0.0,
        ""fear"": 0.0,
        ""happiness"": 0.001,
        ""neutral"": 0.951,
        ""sadness"": 0.006,
        ""surprise"": 0.042
",0,0,0,0,0.001,0.951,0.006,0.042,Neutral,9271df4c-4d6b-4b33-9d39-4875b8a28096,0.09,blond,0
98,0,98,"        ""anger"": 0.0,
        ""contempt"": 0.0,
        ""disgust"": 0.0,
        ""fear"": 0.002,
        ""happiness"": 0.0,
        ""neutral"": 0.084,
        ""sadness"": 0.0,
        ""surprise"": 0.912
",0,0,0,0.002,0,0.084,0,0.912,Sadness,d1a8c98d-e322-4518-850a-b6aa0456a6ad,0.05,blond,0
99,6,99,"        ""anger"": 0.0,
        ""contempt"": 0.0,
        ""disgust"": 0.0,
        ""fear"": 0.0,
        ""happiness"": 1.0,
        ""neutral"": 0.0,
        ""sadness"": 0.0,
        ""surprise"": 0.0
",0,0,0,0,1,0,0,0,Happiness,18af3372-6480-4bf9-be30-7826fae60606,0.02,blond,6